Coefficient Values,features
0.83,Street
0.8034623524018427,Overall Qual
0.7194632022924587,Gr Liv Area
0.6651161273552675,Total Bsmt SF
0.6550971594299324,Garage Area
0.6482516506656046,1st Flr SF
0.6482270260513828,Garage Cars
0.64,MS Zoning
